550561,Anarhichas,denticulatus,Animalia,Chordata,Actinopterygii,Perciformes,Anarhichadidae,Anarhichas,denticulatus,NWOLF,Northern wolffish,,NULL,NULL
171342,Anarhichas minor,Animalia,Chordata,Actinopterygii,Perciformes,Anarhichadidae,Anarhichas,minor,SPWOLF,Spotted wolffish,,NULL,NULL
171341,Anarhichas lupus,Animalia,Chordata,Actinopterygii,Perciformes,Anarhichadidae,Anarhichas,lupus,STRWOLF,Striped wolffish,,NULL,NULL
167123,Anoplopoma fimbria,Animalia,Chordata,Actinopterygii,Scorpaeniformes,Anoplopomatidae,Anoplopoma,fimbria,SABLEF,Sablefish,,NULL,NULL
172750,Scophthalmus maeoticus,Animalia,Chordata,Actinopterygii,Pleuronectiformes,Scophthalmidae,Scophthalmus,maeoticus,TURBOT,Black Sea turbot,,NULL,NULL
168598,Trachurus capensis,Animalia,Chordata,Actinopterygii,Perciformes,Carangidae,Trachurus,capensis,CTRAC,Cape horse mackerel,,NULL,NULL
168590,Trachurus mediterraneus,Animalia,Chordata,Actinopterygii,Perciformes,Carangidae,Trachurus,mediterraneus,MTRAC,Mediterranean horse mackerel,,NULL,NULL
168586,Trachurus symmetricus,Animalia,Chordata,Actinopterygii,Perciformes,Carangidae,Trachurus,symmetricus,STRAC,Pacific jack mackerel,South Pacific horse mackerel,NULL,NULL
168588,Trachurus trachurus,Animalia,Chordata,Actinopterygii,Perciformes,Carangidae,Trachurus,trachurus,TRAC,Horse mackerel,Atlantic horse mackerel,NULL,NULL
168597,Trachurus murphyi,Animalia,Chordata,Actinopterygii,Perciformes,Carangidae,Trachurus,murphyi,CHTRAC,Chilean jack mackerel,NULL,NULL,NULL
642743,Champsocephalus gunnari,Animalia,Chordata,Actinopterygii,Perciformes,Channichthyidae,Champsocephalus,gunnari,CGUN,Mackerel icefish,,NULL,NULL
642960,Pseudochaenichthys georgianus,Animalia,Chordata,Actinopterygii,Perciformes,Channichthyidae,Pseudochaenichthys,georgianus,PSGEOR,South Georgia icefish,,NULL,NULL
161703,Alosa aestivalis,Animalia,Chordata,Actinopterygii,Clupeiformes,Clupeidae,Alosa,aestivalis,ALOSA,Blueback shad,Blueback herring,NULL,NULL
551288,Alosa kessleri,Animalia,Chordata,Actinopterygii,Clupeiformes,Clupeidae,Alosa,kessleri,ALOSK,Caspian anadromous shad,Black sea shad,NULL,NULL
161706,Alosa pseudoharengus,Animalia,Chordata,Actinopterygii,Clupeiformes,Clupeidae,Alosa,pseudoharengus,ALEWIFE,Alewife,Gaspareau,NULL,NULL
161702,Alosa sapidissima,Animalia,Chordata,Actinopterygii,Clupeiformes,Clupeidae,Alosa,sapidissima,ATLALEWIFE,Atlantic shad,American shad,NULL,NULL
161732,Brevoortia tyrannus,Animalia,Chordata,Actinopterygii,Clupeiformes,Clupeidae,Brevoortia,tyrannus,MENAT,Atlantic menhaden,,NULL,NULL
161734,Brevoortia patronus,Animalia,Chordata,Actinopterygii,Clupeiformes,Clupeidae,Brevoortia,patronus,MENGF,Gulf menhaden,NULL,NULL,NULL
161722,Clupea harengus,Animalia,Chordata,Actinopterygii,Clupeiformes,Clupeidae,Clupea,harengus,HERR,Herring,Atlantic herring,NULL,NULL
551209,Clupea pallasii,Animalia,Chordata,Actinopterygii,Clupeiformes,Clupeidae,Clupea,pallasii,PHERR,Pacific herring,,NULL,NULL
161813,Sardina pilchardus,Animalia,Chordata,Actinopterygii,Clupeiformes,Clupeidae,Sardina,pilchardus,SARDP,European pilchard,Spanish sardine,NULL,NULL
572698,Sardinella janeiro,Animalia,Chordata,Actinopterygii,Clupeiformes,Clupeidae,Sardinella,janeiro,SARDJ,Brazilian sardinella,Brazilian sardine,NULL,NULL
161729,Sardinops sagax,Animalia,Chordata,Actinopterygii,Clupeiformes,Clupeidae,Sardinops,sagax,SARD,Sardine,Pacific sardine,NULL,NULL
161789,Sprattus sprattus,Animalia,Chordata,Actinopterygii,Clupeiformes,Clupeidae,Sprattus,sprattus,SPRAT,Sprat,,NULL,NULL
692068,Scorpaenichthys marmoratus,Animalia,Chordata,Actinopterygii,Scorpaeniformes,Cottidae,Scorpaenichthys,marmoratus,CABEZ,Cabezon,,NULL,NULL
167207,Artediellus uncinatus,Animalia,Chordata,Actinopterygii,Scorpaeniformes,Cottidae,Artediellus,uncinatus,AHSCULPIN,Arctic hookear sculpin,NULL,NULL,NULL
167439,Aspidophoroides monopterygius,Animalia,Chordata,Actinopterygii,Scorpaeniformes,Cottidae,Aspidophoroides,monopterygius,ALLIGATORFISH,Alligatorfish,NULL,NULL,NULL
167408,Cottunculus microps,Animalia,Chordata,Actinopterygii,Scorpaeniformes,Psychrolutidae,Cottunculus,microps,ARCSCULPIN,Arctic sculpin,NULL,NULL,NULL
551435,Coilia dussumieri,Animalia,Chordata,Actinopterygii,Clupeiformes,Engraulidae,Coilia,dussumieri,GANCHO,Goldspotted grenadier anchovy,,NULL,NULL
161831,Engraulis encrasicolus,Animalia,Chordata,Actinopterygii,Clupeiformes,Engraulidae,Engraulis,encrasicolus,ANCHO,Anchovy,European anchovy,NULL,NULL
161828,Engraulis mordax,Animalia,Chordata,Actinopterygii,Clupeiformes,Engraulidae,Engraulis,mordax,NANCHO,Northern anchovy,Californian anchovy,NULL,NULL
551340,Engraulis ringens,Animalia,Chordata,Actinopterygii,Clupeiformes,Engraulidae,Engraulis,ringens,PEANCHO,Peruvian anchoveta,Anchoveta,NULL,NULL
551338,Engraulis anchoita,Animalia,Chordata,Actinopterygii,Clupeiformes,Engraulidae,Engraulis,anchoita,ARGANCHO,Argentine anchoita,Anchoita,NULL,NULL
164712,Gadus morhua,Animalia,Chordata,Actinopterygii,Gadiformes,Gadidae,Gadus,morhua,COD,Atlantic cod,,NULL,NULL
164706,Boreogadus saida,Animalia,Chordata,Actinopterygii,Gadiformes,Gadidae,Boreogadus,saida,ARCCOD,Arctic cod,NULL,NULL,NULL
164711,Gadus macrocephalus,Animalia,Chordata,Actinopterygii,Gadiformes,Gadidae,Gadus,macrocephalus,PCOD,Pacific cod,,NULL,NULL
164744,Melanogrammus aeglefinus,Animalia,Chordata,Actinopterygii,Gadiformes,Gadidae,Melanogrammus,aeglefinus,HAD,Haddock,,NULL,NULL
164758,Merlangius merlangus,Animalia,Chordata,Actinopterygii,Gadiformes,Gadidae,Merlangius,merlangus,WHIT,Whiting,,NULL,NULL
164774,Micromesistius poutassou,Animalia,Chordata,Actinopterygii,Gadiformes,Gadidae,Micromesistius,poutassou,BWHIT,Blue whiting,,NULL,NULL
164775,Micromesistius australis,Animalia,Chordata,Actinopterygii,Gadiformes,Gadidae,Micromesistius,australis,SBWHIT,Southern blue whiting,,Polaca,NULL
164727,Pollachius virens,Animalia,Chordata,Actinopterygii,Gadiformes,Gadidae,Pollachius,virens,POLL,Pollock,Saithe,NULL,NULL
164722,Theragra chalcogramma,Animalia,Chordata,Actinopterygii,Gadiformes,Gadidae,Theragra,chalcogramma,WPOLL,Walleye pollock,,NULL,NULL
164756,Trisopterus esmarkii,Animalia,Chordata,Actinopterygii,Gadiformes,Gadidae,Trisopterus,esmarkii,NPOUT,Norway Pout,,NULL,NULL
167120,Pleurogrammus monopterygius,Animalia,Chordata,Actinopterygii,Scorpaeniformes,Hexagrammidae,Pleurogrammus,monopterygius,ATKA,Atka mackerel,,NULL,NULL
159911,Lamna nasus,Animalia,Chordata,Chondrichthyes,Lamniformes,Lamnidae,Lamna,nasus,PORB,Porbeagle,,NULL,NULL
164499,Lophius americanus,Animalia,Chordata,Actinopterygii,Lophiiformes,Lophiidae,Lophius,americanus,MONK,Monkfish,Goosefish,NULL,NULL
164502,Lophius budegassa,Animalia,Chordata,Actinopterygii,Lophiiformes,Lophiidae,Lophius,budegassa,BMONK,Black anglerfish,Black-bellied angler,NULL,NULL
164501,Lophius piscatorius,Animalia,Chordata,Actinopterygii,Lophiiformes,Lophiidae,Lophius,piscatorius,MONK,Angler,Monkfish,NULL,NULL
164740,Brosme brosme,Animalia,Chordata,Actinopterygii,Gadiformes,Gadidae,Brosme,brosme,CUSK,Cusk,Torsk,NULL,NULL
164761,Molva dypterygia,Animalia,Chordata,Actinopterygii,Gadiformes,Gadidae,Molva,dypterygia,BLING,Blue ling,,NULL,NULL
164760,Molva molva,Animalia,Chordata,Actinopterygii,Gadiformes,Gadidae,Molva,molva,LING,Ling,,NULL,NULL
168860,Lutjanus synagris,Animalia,Chordata,Actinopterygii,Perciformes,Lutjanidae,Lutjanus,synagris,LSNAP,Lane snapper,Silk snapper,NULL,NULL
168853,Lutjanus campechanus,Animalia,Chordata,Actinopterygii,Perciformes,Lutjanidae,Lutjanus,campechanus,RSNAP,Red snapper,,NULL,NULL
165421,Macrourus berglax,Animalia,Chordata,Actinopterygii,Gadiformes,Macrouridae,Macrourus,berglax,RGHGRN,Roughhead grenadier,,NULL,NULL
164798,Merluccius capensis,Animalia,Chordata,Actinopterygii,Gadiformes,Merlucciidae,Merluccius,capensis,CHAKE,Shallow-water cape hake,South African hake,NULL,NULL
164796,Merluccius paradoxus,Animalia,Chordata,Actinopterygii,Gadiformes,Merlucciidae,Merluccius,paradoxus,DEEPCHAKE,Deep-water cape hake,Deep-water hake,NULL,NULL
164795,Merluccius merluccius,Animalia,Chordata,Actinopterygii,Gadiformes,Merlucciidae,Merluccius,merluccius,HAKE,Hake,European hake,NULL,NULL
164799,Merluccius gayi,Animalia,Chordata,Actinopterygii,Gadiformes,Merlucciidae,Merluccius,gayi,PEHAKE,Peruvian hake,,NULL,NULL
164792,Merluccius productus,Animalia,Chordata,Actinopterygii,Gadiformes,Merlucciidae,Merluccius,productus,PHAKE,Pacific hake,North Pacific hake,NULL,NULL
164791,Merluccius bilinearis,Animalia,Chordata,Actinopterygii,Gadiformes,Merlucciidae,Merluccius,bilinearis,SHAKE,Silver Hake,,NULL,NULL
642916,Patagonotothen guntheri,Animalia,Chordata,Actinopterygii,Perciformes,Nototheniidae,Patagonotothen,guntheri,PATAG,Yellowfin notothen,,NULL,NULL
642852,Gobionotothen gibberifrons,Animalia,Chordata,Actinopterygii,Perciformes,Nototheniidae,Gobionotothen,gibberifrons,GOBIO,Humped rockcod ,,NULL,NULL
642886,Lepidonotothen squamifrons,Animalia,Chordata,Actinopterygii,Perciformes,Nototheniidae,Lepidonotothen,squamifrons,LEPSQ,Grey rockcod,,NULL,NULL
171105,Notothenia rossii,Animalia,Chordata,Actinopterygii,Perciformes,Nototheniidae,Notothenia,rossii,NOTOR,Marbled rockcod,,NULL,NULL
162035,Mallotus villosus,Animalia,Chordata,Actinopterygii,Osmeriformes,Osmeridae,Mallotus,villosus,CAPE,Capelin,,NULL,NULL
172735,Paralichthys dentatus,Animalia,Chordata,Actinopterygii,Pleuronectiformes,Paralichthyidae,Paralichthys,dentatus,SFLOUN,Summer flounder,,NULL,NULL
645441,Pseudopentaceros wheeleri,Animalia,Chordata,Actinopterygii,Perciformes,Pentacerotidae,Pseudopentaceros,wheeleri,PAHEAD,Pelagic armorhead,,NULL,NULL
164730,Urophycis chuss,Animalia,Chordata,Actinopterygii,Gadiformes,Gadidae,Urophycis,chuss,RHAKE,Red hake,,NULL,NULL
164732,Urophycis tenuis,Animalia,Chordata,Actinopterygii,Gadiformes,Gadidae,Urophycis,tenuis,WHAKE,White hake,,NULL,NULL
172868,Eopsetta jordani,Animalia,Chordata,Actinopterygii,Pleuronectiformes,Pleuronectidae,Eopsetta,jordani,PSOLE,Petrale sole,,NULL,NULL
172873,Glyptocephalus cynoglossus,Animalia,Chordata,Actinopterygii,Pleuronectiformes,Pleuronectidae,Glyptocephalus,cynoglossus,WITFLOUN,Witch flounder,,NULL,NULL
172877,Hippoglossoides platessoides,Animalia,Chordata,Actinopterygii,Pleuronectiformes,Pleuronectidae,Hippoglossoides,platessoides,AMPL,American plaice,,NULL,NULL
616041,Hippoglossoides dubius,Animalia,Chordata,Actinopterygii,Pleuronectiformes,Pleuronectidae,Hippoglossoides,dubius,FLFLOUN,Flathead flounder,,NULL,NULL
172932,Hippoglossus stenolepis,Animalia,Chordata,Actinopterygii,Pleuronectiformes,Pleuronectidae,Hippoglossus,stenolepis,PHAL,Pacific halibut,,NULL,NULL
172917,Lepidopsetta bilineata,Animalia,Chordata,Actinopterygii,Pleuronectiformes,Pleuronectidae,Lepidopsetta,bilineata,RSOLE,Rock sole,,NULL,NULL
172881,Limanda limanda,Animalia,Chordata,Actinopterygii,Pleuronectiformes,Pleuronectidae,Limanda,limanda,DAB,Common dab,,NULL,NULL
172911,Limanda proboscidea,Animalia,Chordata,Actinopterygii,Pleuronectiformes,Pleuronectidae,Limanda,proboscidea,LHDAB,Longhead dab,,NULL,NULL
616064,Limanda sakhalinensis,Animalia,Chordata,Actinopterygii,Pleuronectiformes,Pleuronectidae,Limanda,sakhalinensis,SAKFLOUN,Sakalin flounder,,NULL,NULL
172909,Limanda ferruginea,Animalia,Chordata,Actinopterygii,Pleuronectiformes,Pleuronectidae,Limanda,ferruginea,YELL,Yellowtail flounder,,NULL,NULL
172907,Limanda aspera,Animalia,Chordata,Actinopterygii,Pleuronectiformes,Pleuronectidae,Limanda,aspera,YSOLE,Yellowfin sole,,NULL,NULL
172921,Parophrys vetulus,Animalia,Chordata,Actinopterygii,Pleuronectiformes,Pleuronectidae,Parophrys,vetulus,ESOLE,English sole,,NULL,NULL
172894,Platichthys flesus,Animalia,Chordata,Actinopterygii,Pleuronectiformes,Pleuronectidae,Platichthys,flesus,FLOUN,Flounder,,NULL,NULL
172893,Platichthys stellatus,Animalia,Chordata,Actinopterygii,Pleuronectiformes,Pleuronectidae,Platichthys,stellatus,STFLOUN,Starry flounder,,NULL,NULL
172901,Pleuronectes quadrituberculatus,Animalia,Chordata,Actinopterygii,Pleuronectiformes,Pleuronectidae,Pleuronectes,quadrituberculatus,ALPLAIC,Alaska plaice,,NULL,NULL
172902,Pleuronectes platessa,Animalia,Chordata,Actinopterygii,Pleuronectiformes,Pleuronectidae,Pleuronectes,platessa,PLAIC,European Plaice,Plaice,NULL,NULL
172905,Pseudopleuronectes americanus,Animalia,Chordata,Actinopterygii,Pleuronectiformes,Pleuronectidae,Pseudopleuronectes,americanus,WINFLOUN,Winter flounder,,NULL,NULL
172930,Reinhardtius hippoglossoides,Animalia,Chordata,Actinopterygii,Pleuronectiformes,Pleuronectidae,Reinhardtius,hippoglossoides,GHAL,Greenland halibut,Greenland turbot,NULL,NULL
168559,Pomatomus saltatrix,Animalia,Chordata,Actinopterygii,Perciformes,Pomatomidae,Pomatomus,saltatrix,BLUEFISH,Bluefish,,NULL,NULL
564149,Amblyraja radiata,Animalia,Chordata,Chondrichthyes,Rajiformes,Rajidae,Amblyraja,radiata,THSKAT,Thorny skate,,NULL,NULL
564139,Dipturus laevis,Animalia,Chordata,Chondrichthyes,Rajiformes,Rajidae,Dipturus,laevis,BSKAT,Barndoor skate,,NULL,NULL
564130,Leucoraja erinacea,Animalia,Chordata,Chondrichthyes,Rajiformes,Rajidae,Leucoraja,erinacea,LSKAT,Little skate,,NULL,NULL
564136,Leucoraja garmani,Animalia,Chordata,Chondrichthyes,Rajiformes,Rajidae,Leucoraja,garmani,RSKAT,Rosette skate,Freckled skate,NULL,NULL
564145,Leucoraja ocellata,Animalia,Chordata,Chondrichthyes,Rajiformes,Rajidae,Leucoraja,ocellata,WSKAT,Winter skate,,NULL,NULL
564151,Malacoraja senta,Animalia,Chordata,Chondrichthyes,Rajiformes,Rajidae,Malacoraja,senta,SSKAT,Smooth skate,,NULL,NULL
160855,Raja eglanteria,Animalia,Chordata,Chondrichthyes,Rajiformes,Rajidae,Raja,eglanteria,CSKAT,Clearnose skate,,NULL,NULL
172412,Scomber japonicus,Animalia,Chordata,Actinopterygii,Perciformes,Scombridae,Scomber,japonicus,CMACK,Chub mackerel,Pacific chub mackerel,NULL,NULL
172414,Scomber scombrus,Animalia,Chordata,Actinopterygii,Perciformes,Scombridae,Scomber,scombrus,MACK,Mackerel,Atlantic mackerel,NULL,NULL
172435,Scomberomorus cavalla,Animalia,Chordata,Actinopterygii,Perciformes,Scombridae,Scomberomorus,cavalla,KMACK,King Mackerel,,NULL,NULL
172419,Thunnus alalunga,Animalia,Chordata,Actinopterygii,Perciformes,Scombridae,Thunnus,alalunga,ALBA,Albacore tuna,,NULL,NULL
172421,Thunnus thynnus,Animalia,Chordata,Actinopterygii,Perciformes,Scombridae,Thunnus,thynnus,ATBTUNA,Atlantic bluefin tuna,Northern bluefin tuna,NULL,NULL
172428,Thunnus obesus,Animalia,Chordata,Actinopterygii,Perciformes,Scombridae,Thunnus,obesus,BIGEYE,Bigeye tuna,,NULL,NULL
172431,Thunnus maccoyii,Animalia,Chordata,Actinopterygii,Perciformes,Scombridae,Thunnus,maccoyii,SBTUNA,Southern bluefin tuna,,NULL,NULL
172423,Thunnus albacares,Animalia,Chordata,Actinopterygii,Perciformes,Scombridae,Thunnus,albacares,YFIN,Yellowfin tuna,,NULL,NULL
172834,Lepidorhombus boscii,Animalia,Chordata,Actinopterygii,Pleuronectiformes,Scophthalmidae,Lepidorhombus,boscii,FMEG,Fourspotted megrim,,NULL,NULL
172835,Lepidorhombus whiffiagonis,Animalia,Chordata,Actinopterygii,Pleuronectiformes,Scophthalmidae,Lepidorhombus,whiffiagonis,MEG,Megrim,,NULL,NULL
172746,Scophthalmus aquosus,Animalia,Chordata,Actinopterygii,Pleuronectiformes,Scophthalmidae,Scophthalmus,aquosus,WINDOW,Windowpane,Windowpane flounder,NULL,NULL
166827,Scorpaena guttata,Animalia,Chordata,Actinopterygii,Scorpaeniformes,Scorpaenidae,Scorpaena,guttata,CALSCORP,California scorpionfish,,NULL,NULL
166783,Sebastolobus alascanus,Animalia,Chordata,Actinopterygii,Scorpaeniformes,Scorpaenidae,Sebastolobus,alascanus,SSTHORNH,Shortspine thornyhead,,NULL,NULL
166774,Sebastes fasciatus,Animalia,Chordata,Actinopterygii,Scorpaeniformes,Scorpaenidae,Sebastes,fasciatus,ACADRED,Acadian redfish,Redfish,NULL,NULL
166733,Sebastes paucispinis,Animalia,Chordata,Actinopterygii,Scorpaeniformes,Scorpaenidae,Sebastes,paucispinis,BOCACC,Bocaccio,,NULL,NULL
166722,Sebastes goodei,Animalia,Chordata,Actinopterygii,Scorpaeniformes,Scorpaenidae,Sebastes,goodei,CHILI,Chilipepper rockfish,Chilipepper,NULL,NULL
166754,Sebastes levis,Animalia,Chordata,Actinopterygii,Scorpaeniformes,Scorpaenidae,Sebastes,levis,COWCOD,Cowcod,,NULL,NULL
166715,Sebastes crameri,Animalia,Chordata,Actinopterygii,Scorpaeniformes,Scorpaenidae,Sebastes,crameri,DKROCK,Darkblotched rockfish,,NULL,NULL
166767,Sebastes carnatus,Animalia,Chordata,Actinopterygii,Scorpaeniformes,Scorpaenidae,Sebastes,carnatus,GOPHER,Gopher rockfish,,NULL,NULL
166707,Sebastes alutus,Animalia,Chordata,Actinopterygii,Scorpaeniformes,Scorpaenidae,Sebastes,alutus,POPERCH,Pacific ocean perch,,NULL,NULL
167862,Serranus scriba,Animalia,Chordata,Actinopterygii,Perciformes,Serranidae,Serranus,scriba,REDMAR,Ocean perch,Redfish,NULL,NULL
166756,Sebastes mentella,Animalia,Chordata,Actinopterygii,Scorpaeniformes,Scorpaenidae,Sebastes,mentella,REDMEN,Deepwater redfish,Redfish,NULL,NULL
166781,Sebastes norvegicus,Animalia,Chordata,Actinopterygii,Scorpaeniformes,Scorpaenidae,Sebastes,norvegicus,GOLDRED,Golden Redfish,,NULL,NULL
166729,Sebastes miniatus,Animalia,Chordata,Actinopterygii,Scorpaeniformes,Scorpaenidae,Sebastes,miniatus,VERMIL,Vermilion rockfish,,NULL,NULL
166719,Sebastes entomelas,Animalia,Chordata,Actinopterygii,Scorpaeniformes,Scorpaenidae,Sebastes,entomelas,WROCK,Widow rockfish,,NULL,NULL
173002,Solea solea,Animalia,Chordata,Actinopterygii,Pleuronectiformes,Soleidae,Solea,solea,SOLE,Sole,Common sole,NULL,NULL
647939,Dentex tumifrons,Animalia,Chordata,Actinopterygii,Perciformes,Sparidae,Dentex,tumifrons,YSBREAM,Yellowback seabream,Yellow sea bream,NULL,NULL
169231,Chrysophrys auratus,Animalia,Chordata,Actinopterygii,Perciformes,Sparidae,Chrysophrys,auratus,NZSNAP,New Zealand snapper,Snapper,NULL,NULL
169207,Pagrus pagrus,Animalia,Chordata,Actinopterygii,Perciformes,Sparidae,Pagrus,pagrus,RPORGY,Common seabream,Red porgy,NULL,NULL
647892,Pagrus major,Animalia,Chordata,Actinopterygii,Perciformes,Sparidae,Pagrus,major,SBREAM,Red seabream,Sea bream,NULL,NULL
169182,Stenotomus chrysops,Animalia,Chordata,Actinopterygii,Perciformes,Sparidae,Stenotomus,chrysops,SCUP,Scup,,NULL,NULL
172482,Xiphias gladius,Animalia,Chordata,Actinopterygii,Perciformes,Xiphiidae,Xiphias,gladius,SWORD,Swordfish,,NULL,NULL
630979,Zoarces americanus,Animalia,Chordata,Actinopterygii,Perciformes,Zoarcidae,Zoarces,americanus,OPOUT,Ocean pout,,NULL,NULL
162064,Argentina silus,Animalia,Chordata,Actinopterygii,Osmeriformes,Argentinidae,Argentina,silus,ARGEN,Atlantic argentine,,NULL,NULL
162144,Esox masquinongy,Animalia,Chordata,Actinopterygii,Esociformes,Esocidae,Esox,masquinongy,MASKINOGIES,Maskinonge,,NULL,NULL
162139,Esox lucius,Animalia,Chordata,Actinopterygii,Esociformes,Esocidae,Esox,lucius,PIKE,Pike,,NULL,NULL
162027,Plecoglossus altivelis,Animalia,Chordata,Actinopterygii,Osmeriformes,Osmeridae,Plecoglossus,altivelis,AYU,Ayu,,NULL,NULL
161996,Salmo salar,Animalia,Chordata,Actinopterygii,Salmoniformes,Salmonidae,Salmo,salar,ASAL,Atlantic salmon,,NULL,NULL
623394,Coregonus hoyi,Animalia,Chordata,Actinopterygii,Salmoniformes,Salmonidae,Coregonus,hoyi,BLO,Bloater,,NULL,NULL
161997,Salmo trutta,Animalia,Chordata,Actinopterygii,Salmoniformes,Salmonidae,Salmo,trutta,BRNTRO,Brown Trout,,NULL,NULL
162003,Salvelinus fontinalis,Animalia,Chordata,Actinopterygii,Salmoniformes,Salmonidae,Salvelinus,fontinalis,BTRO,Freshwater brook trout,,NULL,NULL
161980,Oncorhynchus tshawytscha,Animalia,Chordata,Actinopterygii,Salmoniformes,Salmonidae,Oncorhynchus,tshawytscha,CHNK,Chinook salmon,,NULL,NULL
161976,Oncorhynchus keta,Animalia,Chordata,Actinopterygii,Salmoniformes,Salmonidae,Oncorhynchus,keta,CHUM,Chum salmon,,NULL,NULL
161977,Oncorhynchus kisutch,Animalia,Chordata,Actinopterygii,Salmoniformes,Salmonidae,Oncorhynchus,kisutch,COHO,Coho salmon,,NULL,NULL
162002,Salvelinus namaycush,Animalia,Chordata,Actinopterygii,Salmoniformes,Salmonidae,Salvelinus,namaycush,LTRO,Lake trout,,NULL,NULL
161941,Coregonus clupeaformis,Animalia,Chordata,Actinopterygii,Salmoniformes,Salmonidae,Coregonus,clupeaformis,LWHFSH,Lake Whitefish,,NULL,NULL
161975,Oncorhynchus gorbuscha,Animalia,Chordata,Actinopterygii,Salmoniformes,Salmonidae,Oncorhynchus,gorbuscha,PINK,Pink salmon,,NULL,NULL
161979,Oncorhynchus nerka,Animalia,Chordata,Actinopterygii,Salmoniformes,Salmonidae,Oncorhynchus,nerka,SOCK,Sockeye salmon,,NULL,NULL
161989,Oncorhynchus mykiss,Animalia,Chordata,Actinopterygii,Salmoniformes,Salmonidae,Oncorhynchus,mykiss,STRO,Steelhead trout,,NULL,NULL
161963,Coregonus albula,Animalia,Chordata,Actinopterygii,Salmoniformes,Salmonidae,Coregonus,albula,VENDACE,Vendace,,NULL,NULL
161950,Coregonus lavaretus,Animalia,Chordata,Actinopterygii,Salmoniformes,Salmonidae,Coregonus,lavaretus,WHFSH,Whitefish,,NULL,NULL
172978,Glyptocephalus zachirus,Animalia,Chordata,Actinopterygii,Pleuronectiformes,Pleuronectidae,Glyptocephalus,zachirus,REXSOLE,Rex sole,,NULL,NULL
616029,Reinhardtius stomias,Animalia,Chordata,Actinopterygii,Pleuronectiformes,Pleuronectidae,Reinhardtius,stomias,ARFLOUND,Arrowtooth flounder,,NULL,NULL
616392,Lepidopsetta polyxystra,Animalia,Chordata,Actinopterygii,Pleuronectiformes,Pleuronectidae,Lepidopsetta,polyxystra,NRSOLE,Northern rock sole,,NULL,NULL
172875,Hippoglossoides elassodon,Animalia,Chordata,Actinopterygii,Pleuronectiformes,Pleuronectidae,Hippoglossoides,elassodon,FLSOLE,Flathead sole,,NULL,NULL
166735,Sebastes polyspinis,Animalia,Chordata,Actinopterygii,Scorpaeniformes,Scorpaenidae,Sebastes,polyspinis,NROCK,Northern rockfish,,NULL,NULL
166706,Sebastes aleutianus,Animalia,Chordata,Actinopterygii,Scorpaeniformes,Scorpaenidae,Sebastes,aleutianus,REYEROCK,Rougheye rockfish,,NULL,NULL
172933,Hippoglossus hippoglossus,Animalia,Chordata,Actinopterygii,Pleuronectiformes,Pleuronectidae,Hippoglossus,hippoglossus,ATHAL,Atlantic Halibut,,NULL,NULL
97314,Homarus americanus,Animalia,Arthropoda,Malacostraca,Decapoda,Nephropidae,Homarus,americanus,LOBSTER,American lobster,,NULL,NULL
170479,Tautoga onitis,Animalia,Chordata,Actinopterygii,Perciformes,Labridae,Tautoga,onitis,TAUTOG,Tautog,,NULL,NULL
171677,Ammodytes marinus,Animalia,Chordata,Actinopterygii,Perciformes,Ammodytidae,Ammodytes,marinus,SEEL,Sand eel,Sand lance,NULL,NULL
171674,Ammodytes dubius,Animalia,Chordata,Actinopterygii,Perciformes,Ammodytidae,Ammodytes,dubius,SANDLANCE,Northern sand lance,NULL,NULL,NULL
173001,Solea vulgaris,Animalia,Chordata,Actinopterygii,Pleuronectiformes,Soleidae,Solea,vulgaris,SOLE,common European sole,common sole,NULL,NULL
550883,Rexea solandri,Animalia,Chordata,Actinopterygii,Perciformes,Gempylidae,Rexea,solandri,GEMFISH,common gemfish,hake,NULL,NULL
165000,Genypterus blacodes,Animalia,Chordata,Actinopterygii,Ophidiiformes,Ophidiidae,Genypterus,blacodes,NZLING,New Zealand ling,NULL,NULL,NULL
170262,Nemadactylus macropterus,Animalia,Chordata,Actinopterygii,Perciformes,Cheilodactylidae,Nemadactylus,macropterus,MORWONG,Hawaiian morwong,Jackass morwong,NULL,NULL
172534,Seriolella punctata,Animalia,Chordata,Actinopterygii,Perciformes,Centrolophidae,Seriolella,punctata,SILVERFISH,Silverfish,,NULL,NULL
644187,Neoplatycephalus richardsoni,Animalia,Chordata,Actinopterygii,Scorpaeniformes,Platycephalidae,Neoplatycephalus,richardsoni,TIGERFLAT,Tiger flathead,,NULL,NULL
646043,Sillago flindersi,Animalia,Chordata,Actinopterygii,Perciformes,Sillaginidae,Sillago,flindersi,SWHIT,School whiting,,NULL,NULL
172567,Peprilus triacanthus,Animalia,Chordata,Actinopterygii,Perciformes,Stromateidae,Peprilus,triacanthus,BUTTER,Atlantic butterfish,butterfish,NULL,NULL
160200,Rhizoprionodon terraenovae,Animalia,Chordata,Chondrichthyes,Carcharhiniformes,Carcharhinidae,Rhizoprionodon,terraenovae,SNOSESHAR,Atlantic sharpnose shark,NULL,NULL,NULL
80944,Spisula solidissima,Animalia,Mollusca,Bivalvia,Veneroida,Mactridae,Spisula,solidissima,SURF,Atlantic surfclam,NULL,NULL,NULL
166727,Sebastes melanops,Animalia,Chordata,Actinopterygii,Scorpaeniformes,Scorpaenidae,Sebastes,melanops,BLACKROCK,Black rockfish,NULL,NULL,NULL
167687,Centropristis striata,Animalia,Chordata,Actinopterygii,Perciformes,Serranidae,Centropristis,striata,BSBASS,Black sea bass,NULL,NULL,NULL
160304,Carcharhinus acronotus,Animalia,Chordata,Chondrichthyes,Carcharhiniformes,Carcharhinidae,Carcharhinus,acronotus,BNOSESHAR,Blacknose shark,NULL,NULL,NULL
160318,Carcharhinus limbatus,Animalia,Chordata,Chondrichthyes,Carcharhiniformes,Carcharhinidae,Carcharhinus,limbatus,BTIPSHAR,Blacktip shark,NULL,NULL,NULL
97936,Paralithodes platypus,Animalia,Arthropoda,Malacostraca,Decapoda,Lithodidae,Paralithodes,platypus,BKINGCRAB,Blue king crab,NULL,NULL,NULL
166730,Sebastes mystinus,Animalia,Chordata,Actinopterygii,Scorpaeniformes,Scorpaenidae,Sebastes,mystinus,BLUEROCK,Blue rockfish,NULL,NULL,NULL
160502,Sphyrna tiburo,Animalia,Chordata,Chondrichthyes,Carcharhiniformes,Sphyrnidae,Sphyrna,tiburo,BHEADSHAR,Bonnethead shark,NULL,NULL,NULL
96028,Sicyonia brevirostris,Animalia,Arthropoda,Malacostraca,Decapoda,Sicyoniidae,Sicyonia,brevirostris,BRNROCKSHRIMP,Brown rock shrimp,NULL,NULL,NULL
551570,Farfantepenaeus aztecus,Animalia,Arthropoda,Malacostraca,Decapoda,Penaeidae,Farfantepenaeus,aztecus,BRNSHRIMP,Brown shrimp,NULL,NULL,NULL
166734,Sebastes pinniger,Animalia,Chordata,Actinopterygii,Scorpaeniformes,Scorpaenidae,Sebastes,pinniger,CROCK,Canary rockfish,NULL,NULL,NULL
172887,Microstomus pacificus,Animalia,Chordata,Actinopterygii,Pleuronectiformes,Pleuronectidae,Microstomus,pacificus,DSOLE,Dover sole,NULL,NULL,NULL
166714,Sebastes ciliatus,Animalia,Chordata,Actinopterygii,Scorpaeniformes,Scorpaenidae,Sebastes,ciliatus,DUSKYROCK,Dusky rockfish,NULL,NULL,NULL
160268,Carcharhinus obscurus,Animalia,Chordata,Chondrichthyes,Carcharhiniformes,Carcharhinidae,Carcharhinus,obscurus,DUSKYSHAR,Dusky shark,NULL,NULL,NULL
160409,Carcharhinus isodon,Animalia,Chordata,Chondrichthyes,Carcharhiniformes,Carcharhinidae,Carcharhinus,isodon,FTOOTHSHAR,Finetooth shark,NULL,NULL,NULL
167759,Mycteroperca microlepis,Animalia,Chordata,Actinopterygii,Perciformes,Serranidae,Mycteroperca,microlepis,GAG,Gag,NULL,NULL,NULL
173138,Balistes capriscus,Animalia,Chordata,Actinopterygii,Tetraodontiformes,Balistidae,Balistes,capriscus,GTRIG,Gray triggerfish,NULL,NULL,NULL
168689,Seriola dumerili,Animalia,Chordata,Actinopterygii,Perciformes,Carangidae,Seriola,dumerili,GRAMBER,Greater amberjack,NULL,NULL,NULL
160851,Raja rhina,Animalia,Chordata,Chondrichthyes,Rajiformes,Rajidae,Raja,rhina,LNOSESKA,Longnose skate,NULL,NULL,NULL
82521,Illex illecebrosus,Animalia,Mollusca,Cephalopoda,Teuthida,Ommastrephidae,Illex,illecebrosus,ILLEX,Northern shortfin squid,NULL,NULL,NULL
96967,Pandalus borealis,Animalia,Arthropoda,Malacostraca,Decapoda,Pandalidae,Pandalus,borealis,PANDAL,Northern shrimp,NULL,NULL,NULL
81343,Arctica islandica,Animalia,Mollusca,Bivalvia,Veneroida,Arcticidae,Arctica,islandica,QUAH,Ocean quahog,NULL,NULL,NULL
551574,Farfantepenaeus duorarum,Animalia,Arthropoda,Malacostraca,Decapoda,Penaeidae,Farfantepenaeus,duorarum,PINKSHRIMP,Pink shrimp,Northern pink shrimp,NULL,NULL
620992,Chaceon quinquedens,Animalia,Arthropoda,Malacostraca,Decapoda,Geryonidae,Chaceon,quinquedens,RDEEPCRAB,Red deepsea crab,NULL,NULL,NULL
167702,Epinephelus morio,Animalia,Chordata,Actinopterygii,Perciformes,Serranidae,Epinephelus,morio,RGROUP,Red grouper,NULL,NULL,NULL
97935,Paralithodes camtschaticus,Animalia,Arthropoda,Malacostraca,Decapoda,Lithodidae,Paralithodes,camtschaticus,RKCRAB,Red king crab,NULL,NULL,NULL
95966,Pleoticus robustus,Animalia,Arthropoda,Malacostraca,Decapoda,Solenoceridae,Pleoticus,robustus,ROYALRSHRIMP,Royal red shrimp,NULL,NULL,NULL
160289,Carcharhinus plumbeus,Animalia,Chordata,Chondrichthyes,Carcharhiniformes,Carcharhinidae,Carcharhinus,plumbeus,SBARSHAR,Sandbar shark,NULL,NULL,NULL
79718,Placopecten magellanicus,Animalia,Mollusca,Bivalvia,Ostreoida,Pectinidae,Placopecten,magellanicus,SCALL,Sea scallop,NULL,NULL,NULL
166725,Sebastes jordani,Animalia,Chordata,Actinopterygii,Scorpaeniformes,Scorpaenidae,Sebastes,jordani,SBELLYROCK,Shortbelly rockfish,NULL,NULL,NULL
166712,Sebastes borealis,Animalia,Chordata,Actinopterygii,Scorpaeniformes,Scorpaenidae,Sebastes,borealis,SRAKEROCK,Shortraker rockfish,NULL,NULL,NULL
98428,Chionoecetes opilio,Animalia,Arthropoda,Malacostraca,Decapoda,Oregoniidae,Chionoecetes,opilio,SNOWCRAB,Snow crab,NULL,NULL,NULL
167705,Epinephelus niveatus,Animalia,Chordata,Actinopterygii,Perciformes,Serranidae,Epinephelus,niveatus,SNOWGROUP,Snowy grouper,NULL,NULL,NULL
172436,Scomberomorus maculatus,Animalia,Chordata,Actinopterygii,Perciformes,Scombridae,Scomberomorus,maculatus,SPANMACK,Spanish mackerel,NULL,NULL,NULL
160617,Squalus acanthias,Animalia,Chordata,Chondrichthyes,Squaliformes,Squalidae,Squalus,acanthias,SDOG,Spiny dogfish,NULL,NULL,NULL
160703,Centroscyllium fabricii,Animalia,Chordata,Chondrichthyes,Squaliformes,Etmopteridae,Centroscyllium,fabricii,BDOG,Black dogfish,NULL,NULL,NULL
167680,Morone saxatilis,Animalia,Chordata,Actinopterygii,Perciformes,Moronidae,Morone,saxatilis,STRIPEDBASS,Striped bass,NULL,NULL,NULL
168546,Lopholatilus chamaeleonticeps,Animalia,Chordata,Actinopterygii,Perciformes,Malacanthidae,Lopholatilus,chamaeleonticeps,TILE,Tilefish,NULL,NULL,NULL
168909,Rhomboplites aurorubens,Animalia,Chordata,Actinopterygii,Perciformes,Lutjanidae,Rhomboplites,aurorubens,VSNAP,Vermilion snapper,NULL,NULL,NULL
551680,Litopenaeus setiferus,Animalia,Arthropoda,Malacostraca,Decapoda,Penaeidae,Litopenaeus,setiferus,WSHRIMP,White shrimp,NULL,NULL,NULL
166740,Sebastes ruberrimus,Animalia,Chordata,Actinopterygii,Scorpaeniformes,Scorpaenidae,Sebastes,ruberrimus,YEYEROCK,Yelloweye rockfish,NULL,NULL,NULL
623193,Macruronus novaezelandiae,Animalia,Chordata,Actinopterygii,Gadiformes,Merlucciidae,Macruronus,novaezelandiae,HOKI,Hoki,New Zealand whiptail,NULL,NULL
168469,Perca flavescens,Animalia,Chordata,Actinopterygii,Perciformes,Percidae,Perca,flavescens,YPER,Yellow perch,NULL,NULL,NULL
172401,Katsuwonus pelamis,Animalia,Chordata,Actinopterygii,Perciformes,Scombridae,Katsuwonus,pelamis,SKJ,Skipjack tuna,NULL,NULL,NULL
95625,Penaeus esculentus,Animalia,Arthropoda,Malacostraca,Decapoda,Penaeidae,Penaeus,esculentus,BTSHRIMP,Brown tiger shrimp,Brown tiger prawn,NULL,NULL
95644,Penaeus semisulcatus,Animalia,Arthropoda,Malacostraca,Decapoda,Penaeidae,Penaeus,semisulcatus,GTPRAWN,Green tiger prawn,Grooved Tiger Prawn,NULL,NULL
166139,Hoplostethus atlanticus,Animalia,Chordata,Actinopterygii,Beryciformes,Trachichthyidae,Hoplostethus,atlanticus,OROUGHY,Orange roughy,NULL,NULL,NULL
172531,Seriolella brama,Animalia,Chordata,Actinopterygii,Perciformes,Centrolophidae,Seriolella,brama,WAREHOU,whario,Blue Warehou,NULL,NULL
644351,Platycephalus conatus,Animalia,Chordata,Actinopterygii,Scorpaeniformes,Platycephalidae,Platycephalus,conatus,DEEPFLATHEAD,Deepwater flathead,NULL,NULL,NULL
622143,Centroberyx gerrardi,Animalia,Chordata,Actinopterygii,Beryciformes,Berycidae,Centroberyx,gerrardi,BIGHTRED,Bight redfish,NULL,NULL,NULL
167612,Cyclopterus lumpus,Animalia,Chordata,Actinopterygii,Scorpaeniformes,Cyclopteridae,Cyclopterus,lumpus,LUMPFISH,Lumpfish,NULL,NULL,NULL
164748,Enchelyopus cimbrius,Animalia,Chordata,Actinopterygii,Gadiformes,Gadidae,Enchelyopus,cimbrius,FBROCKLING,Fourbeard rockling,NULL,NULL,NULL
164717,Gadus ogac,Animalia,Chordata,Actinopterygii,Gadiformes,Gadidae,Gadus,ogac,GRCOD,Greenland cod,NULL,NULL,NULL
201978,Gasterosteus aculeatus aculeatus,Animalia,Chordata,Actinopterygii,Gasterosteiformes,Gasterosteidae,Gasterosteus,aculeatus aculeatus,TSSTICKLEBACK,Threespine stickleback,NULL,NULL,NULL
167289,Hemitripterus americanus,Animalia,Chordata,Actinopterygii,Scorpaeniformes,Hemitripteridae,Hemitripterus,americanus,SEARAVEN,Sea raven,Sea sculpin,NULL,NULL
167375,Triglops murrayi,Animalia,Chordata,Actinopterygii,Scorpaeniformes,Cottidae,Triglops,murrayi,MSCULPIN,Mailed sculpin,Moustache sculpin,NULL,NULL
170481,Tautogolabrus adspersus,Animalia,Chordata,Actinopterygii,Perciformes,Labridae,Tautogolabrus,adspersus,CUNNER,Cunner,NULL,NULL,NULL
171596,Stichaeus punctatus,Animalia,Chordata,Actinopterygii,Perciformes,Stichaeidae,Stichaeus,punctatus,ARCSHINNY,Arctic shinny,NULL,NULL,NULL
164734,Phycis chesteri,Animalia,Chordata,Actinopterygii,Gadiformes,Gadidae,Phycis,chesteri,LFHAKE,Longfin hake,NULL,NULL,NULL
162041,Osmerus mordax,Animalia,Chordata,Actinopterygii,Osmeriformes,Osmeridae,Osmerus,mordax,RBSMELT,Rainbow smelt,,NULL,NULL
162043,Osmerus mordax mordax,Animalia,Chordata,Actinopterygii,Osmeriformes,Osmeridae,Osmerus,mordax mordax,RBSMELT,Rainbow smelt,NULL,NULL,NULL
644687,Arctozenus risso,Animalia,Chordata,Actinopterygii,Aulopiformes,Paralepididae,Arctozenus,risso,WBARRACUDINA,White barracudina,NULL,NULL,NULL
167192,Icelus spatula,Animalia,Chordata,Actinopterygii,Scorpaeniformes,Cottidae,Icelus,spatula,SPSCULPIN,spatulate sculpin,NULL,NULL,NULL
167478,Leptagonus decagonus,Animalia,Chordata,Actinopterygii,Scorpaeniformes,Agonidae,Leptagonus,decagonus,ATLPOACHER,Atlantic poacher,NULL,NULL,NULL
171603,Leptoclinus maculatus,Animalia,Chordata,Actinopterygii,Perciformes,Stichaeidae,Leptoclinus,maculatus,DSHANNY,Daubed shanny,NULL,NULL,NULL
165395,Nezumia bairdii,Animalia,Chordata,Actinopterygii,Gadiformes,Macrouridae,Nezumia,bairdii,COMGRENADIER,Common grenadier,NULL,NULL,NULL
159772,Myxine glutinosa,Animalia,Chordata,Myxini,Myxiniformes,Myxinidae,Myxine,glutinosa,ATLHAGFISH,Atlantic hagfish,NULL,NULL,NULL
167318,Myoxocephalus scorpius,Animalia,Chordata,Actinopterygii,Scorpaeniformes,Cottidae,Myoxocephalus,scorpius,SHORNSCULPIN,Shorthorn sculpin,NULL,NULL,NULL
167317,Myoxocephalus scorpioides,Animalia,Chordata,Actinopterygii,Scorpaeniformes,Cottidae,Myoxocephalus,scorpioides,ARCSCULPIN,Arctic sculpin,NULL,NULL,NULL
167320,Myoxocephalus octodecemspinosus,Animalia,Chordata,Actinopterygii,Scorpaeniformes,Cottidae,Myoxocephalus,octodecemspinosus,LHORNSCULPIN,Longhorn sculpin,NULL,NULL,NULL
165296,Melanostigma atlanticum,Animalia,Chordata,Actinopterygii,Perciformes,Zoarcidae,Melanostigma,atlanticum,ATLSPOUT,Atlantic soft pout,NULL,NULL,NULL
631028,Gymnelus viridis,Animalia,Chordata,Actinopterygii,Perciformes,Zoarcidae,Gymnelus,viridis,FISHDOCTOR,Fish doctor,NULL,NULL,NULL
631023,Lumpenus lampretaeformis,Animalia,Chordata,Actinopterygii,Perciformes,Stichaeidae,Lumpenus,lampretaeformis,SNAKEBLENNY,Snakeblenny,NULL,NULL,NULL
166705,Sebastes spp,Animalia,Chordata,Actinopterygii,Scorpaeniformes,Scorpaenidae,Sebastes,spp,SEBASTES,Sebastes species,NULL,NULL,NULL
167550,Liparis spp,Animalia,Chordata,Actinopterygii,Scorpaeniformes,Liparidae,Liparis,spp,LIPARIS,Snailfishes,NULL,NULL,NULL
165255,Lycodes spp,Animalia,Chordata,Actinopterygii,Perciformes,Zoarcidae,Lycodes,spp,LYCODES,Eelpouts,NULL,NULL,NULL
165280,Lycodes reticulatus,Animalia,Chordata,Actinopterygii,Perciformes,Zoarcidae,Lycodes,reticulatus,ARCEELPOUT,Arctic eelpout,NULL,NULL,NULL
172719,Citharichthys arctifrons,Animalia,Chordata,Actinopterygii,Pleuronectiformes,Paralichthyidae,Citharichthys,arctifrons,GSFLOUNDER,Gulf Stream flounder,NULL,NULL,NULL
166787,Helicolenus dactylopterus,Animalia,Chordata,Actinopterygii,Scorpaeniformes,Scorpaenidae,Helicolenus,dactylopterus,BBROSEFISH,Blackbelly rosefish,NULL,NULL,NULL 
172783,Hippoglossina oblonga,Animalia,Chordata,Actinopterygii,Pleuronectiformes,Paralichthyidae,Hippoglossina,oblonga,FSFLOUNDER,Fourspot flounder,NULL,NULL,NULL
165284,Lycodes vahlii,Animalia,Chordata,Actinopterygii,Perciformes,Zoarcidae,Lycodes,vahlii,CEELPOUT,Checker eelpout,NULL,NULL,NULL
161701,Alosa spp,Animalia,Chordata,Actinopterygii,Clupeiformes,Clupeidae,Alosa,spp,ALEWIFESPP,River herring species,NULL,NULL,NULL
98671,Cancer spp,Animalia,Arthropoda,Malacostraca,Decapoda,Cancridae,Cancer,spp,CANCERSPP,True crab species,NULL,NULL,NULL
82703,Limulus polyphemus,Animalia,Arthropoda,Merostomata,Xiphosura,Limulidae,Limulus,polyphemus,HORSESHOECRAB,Horseshoe crab,NULL,NULL,NULL
98714,Ovalipes ocellatus,Animalia,Arthropoda,Malacostraca,Decapoda,Portunidae,Ovalipes,ocellatus,LADYCRAB,Lady crab,NULL,NULL,NULL
164800,Merluccius hubbsi,Animalia,Chordata,Actinopterygii,Gadiformes,Merlucciidae,Merluccius,hubbsi,ARGHAKE,Argentine hake,NULL,NULL,NULL
-999,Pseudocarcinus gigas,Animalia,Arthropoda,Malacostraca,Decapoda,Menippidae,Pseudocarcinus,gigas,TASGIANTCRAB,Tasmanian giant crab,NULL,NULL,NULL
168849,Lutjanus analis,Animalia,Chordata,Actinopterygii,Perciformes,Lutjanidae,Lutjanus,analis,MUTSNAP,Mutton snapper,NULL,NULL,NULL
552965,Palinurus gilchristi,Animalia,Arthropoda,Malacostraca,Decapoda,Palinuridae,Palinurus,gilchristi,SSLOBSTER,Southern spiny lobster,NULL,NULL,NULL
550662,Macruronus magellanicus,Animalia,Chordata,Actinopterygii,Gadiformes,Merlucciidae,Macruronus,magellanicus,PATGRENADIER,Patagonian grenadier,Merluza de cola,NULL,NULL
-998,Redfish species,Animalia,Chordata,Actinopterygii,Scorpaeniformes,Scorpaenidae,NULL,NULL,REDFISHSPP,Redfish species,NULL,NULL,NULL
164797,Merluccius australis,Animalia,Chordata,Actinopterygii,Gadiformes,Merlucciinae,Merluccius,australis,SOUTHHAKE,Southern hake,NULL,NULL,NULL
168641,Pseudocaranx dentex,Animalia,Chordata,Actinopterygii,Perciformes,Carangidae,Pseudocaranx,dentex,TREVALLY,Trevally,White trevally,NULL,NULL
-997,Haliotis iris,Animalia,Mollusca,Gastropoda,Archaeogastropoda,Haliotididae,Haliotis,iris,BFOOTABALONE,Blackfoot abalone,NULL,NULL,NULL
-996,Haliotis spp,Animalia,Mollusca,Gastropoda,Archaeogastropoda,Haliotididae,Haliotis,NULL,PAUA,Paua,New Zealand abalone species,NULL,NULL
552953,Jasus lalandii,Animalia,Arthropoda,Malacostraca,Decapoda,Palinuridae,Jasus,lalandii,CRLOBSTER,South African west coast rock lobster,Cape rock lobster,NULL,NULL
644604,Sebastes variabilis,Animalia,Chordata,Actinopterygii,Scorpaeniformes,Scorpaenidae,Sebastes,variabilis,DUSROCK,Dusky rockfish,NULL,NULL,NULL
98429,Chionoecetes bairdi,Animalia,Arthropoda,Malacostraca,Decapoda,Oregoniidae,Chionoecetes,bairdi,TANNERCRAB,Tanner crab,NULL,NULL,NULL
660179,Lithodes aequispinus,Animalia,Arthropoda,Malacostraca,Decapoda,Lithodidae,Lithodes,aequispinus,GKINGCRAB,Golden king crab,NULL,NULL,NULL
625280,Pseudocyttus maculatus,Animalia,Chordata,Actinopterygii,Zeiformes,Oreosomatidae,Pseudocyttus,maculatus,SMOOTHOREO,Smooth oreo,NULL,NULL,NULL
660225,Jasus edwardsii,Animalia,Arthropoda,Malacostraca,Decapoda,Palinuridae,Jasus,edwardsii,RROCKLOBSTER,Red rock lobster,NULL,NULL,NULL
625296,Allocyttus niger,Animalia,Chordata,Actinopterygii,Zeiformes,Oreosomatidae,Allocyttus,niger,BLACKOREO,Black oreo,NULL,NULL,NULL
169283,Micropogonias undulatus,Animalia,Chordata,Actinopterygii,Perciformes,Sciaenidae,Micropogonias,undulatus,ATLCROAK,Atlantic croaker,NULL,NULL,NULL
165001,Genypterus capensis,Animalia,Chordata,Actinopterygii,Ophidiiformes,Ophidiidae,Genypterus,capensis,KINGKLIP,Kingklip,NULL,NULL,NULL
642807,Dissostichus eleginoides,Animalia,Chordata,Actinopterygii,Perciformes,Nototheniidae,Dissostichus,eleginoides,PTOOTHFISH,Patagonian toothfish,NULL,NULL,NULL
168907,Ocyurus chrysurus,Animalia,Chordata,Actinopterygii,Perciformes,Lutjanidae,Ocyurus,chrysurus,YTSNAP,Yellowtail snapper,NULL,NULL,NULL
166720,Sebastes flavidus,Animalia,Chordata,Actinopterygii,Scorpaeniformes,Scorpaenidae,Sebastes,flavidus,YTROCK,Yellowtail rockfish,NULL,NULL,NULL
167116,Ophiodon elongatus,Animalia,Chordata,Actinopterygii,Scorpaeniformes,Hexagrammidae,Ophiodon,elongatus,LINGCOD,Lingcod,NULL,NULL,NULL
166728,Sebastes melanostomus,Animalia,Chordata,Actinopterygii,Scorpaeniformes,Scorpaenidae,Sebastes,melanostomus,BGROCK,Blackgill rockfish,NULL,NULL,NULL
166784,Sebastolobus altivelis,Animalia,Chordata,Actinopterygii,Scorpaeniformes,Scorpaenidae,Sebastolobus,altivelis,LSTHORNH,Longspine thornyhead,NULL,NULL,NULL
-995,Haliotis midaexo,Animalia,Mollusca,Gastropoda,Archaeogastropoda,Haliotididae,Haliotis,midae,SAABALONE,South African abalone,NULL,NULL,NULL
168827,Arripis trutta,Animalia,Chordata,Actinopterygii,Perciformes,Arripidae,Arripis,trutta,AUSSALMON,Australian salmon,NULL,NULL,NULL
167110,Hexagrammos decagrammus,Animalia,Chordata,Actinopterygii,Scorpaeniformes,Hexagrammidae,Hexagrammos,decagrammus,KELPGREENLING,Kelp greenling,NULL,NULL,NULL
642808,Dissostichus mawsoni,Animalia,Chordata,Actinopterygii,Perciformes,Nototheniidae,Dissostichus,mawsoni,ATOOTHFISH,Antarctic toothfish,NULL,NULL,NULL
159924,Isurus oxyrinchus,Animalia,Chordata,Chondrichthyes,Lamniformes,Lamnidae,Isurus,oxyrinchus,SFMAKO,Shortfin mako,NULL,NULL,NULL
169241,Cynoscion regalis,Animalia,Chordata,Actinopterygii,Perciformes,Sciaenidae,Cynoscion,regalis,WEAKFISH,Weakfish,NULL,NULL,NULL
